Workbook
Name Slicer_clean__Customer_Name: #N/A
Name Slicer_clean__Product: #N/A

Sheet Sheet1
A1: Date | B1: Product | C1: Quantity | D1: Price
A2: 45658 | B2: Soap | C2: 5 | D2: 30
A3: 45658 | B3: Shampoo | C3: 2 | D3: 120
A4: 45659 | B4: Soap | C4: 3 | D4: 30
A5: 45659 | B5: Toothpaste | C5: 4 | D5: 60
A6: 45660 | B6: Soap | C6: 5 | D6: 30
A7: 45660 | B7: Shampoo | C7: 2 | D7: 120
A8: 45661 | B8: Soap | C8: 3 | D8: 30
A9: 45662 | B9: Toothpaste | C9: 4 | D9: 60
A10: 45662 | B10: Soap | C10: 5 | D10: 30
A11: 45663 | B11: Shampoo | C11: 2 | D11: 120
A12: 45663 | B12: Soap | C12: 3 | D12: 30
A13: 45663 | B13: Toothpaste | C13: 4 | D13: 60

Sheet Sheet2
A1: Date | B1: Product | C1: Quantity | D1: Price | F1: clean_product | G1: clean_quantity | H1: clean_price
A2: 45658 | B2: Soap | C2: 5 | D2: 30 | F2: =PROPER(TRIM(B2)) -> Soap | G2: =IF(C2="",0,C2) -> 5 | H2: =IF(ISNUMBER(D2),D2,"invalid") -> 30
A3: 45658 | B3: Shampoo | C3: 2 | D3: 120 | F3: =PROPER(TRIM(B3)) -> Shampoo | G3: =IF(C3="",0,C3) -> 2 | H3: =IF(ISNUMBER(D3),D3,"invalid") -> 120
A4: 45659 | B4: Soap | C4: 3 | D4: 30 | F4: =PROPER(TRIM(B4)) -> Soap | G4: =IF(C4="",0,C4) -> 3 | H4: =IF(ISNUMBER(D4),D4,"invalid") -> 30
A5: 45659 | B5: Toothpaste | C5: 4 | D5: 60 | F5: =PROPER(TRIM(B5)) -> Toothpaste | G5: =IF(C5="",0,C5) -> 4 | H5: =IF(ISNUMBER(D5),D5,"invalid") -> 60
A6: 45659 | B6: Shampoo | C6: 1 | D6: 120 | F6: =PROPER(TRIM(B6)) -> Shampoo | G6: =IF(C6="",0,C6) -> 1 | H6: =IF(ISNUMBER(D6),D6,"invalid") -> 120
A7: 45660 | B7: Soap | D7: 30 | F7: =PROPER(TRIM(B7)) -> Soap | G7: =IF(C7="",0,C7) -> 0 | H7: =IF(ISNUMBER(D7),D7,"invalid") -> 30
A8: 45660 | B8: Shampoo | C8: 2 | D8: one twenty | F8: =PROPER(TRIM(B8)) -> Shampoo | G8: =IF(C8="",0,C8) -> 2 | H8: =IF(ISNUMBER(D8),D8,"invalid") -> invalid
A9: 45660 | B9: Soap | C9: 5 | D9: 30 | F9: =PROPER(TRIM(B9)) -> Soap | G9: =IF(C9="",0,C9) -> 5 | H9: =IF(ISNUMBER(D9),D9,"invalid") -> 30

Sheet raw data
A1: Order_Date | B1: Customer_Name | C1: Product | D1: Category | E1: Quantity | F1: Unit_Price | G1: City | H1: clean_custmer | I1: clean_product | J1: clean_quantity | K1: clean_unit _price | L1: tempt | M1: total_amunt
A2: 45658 | B2: rakesh | C2: Soap | D2: fmcg | E2: 2 | F2: 30 | G2: Hyderabad | H2: Rakesh | I2: Soap | J2: 2 | K2: 30 | L2: =LEN(H2) -> 6 | M2: =J2*K2 -> 60
A3: 45658 | B3: Rakesh | C3: Soap | D3: FMCG | E3: 2 | F3: 30 | G3: Hyderabad | H3: Anil | I3: Shampoo | J3: 0 | K3: 120 | L3: =LEN(H3) -> 4 | M3: =J3*K3 -> 0
A4: 45659 | B4: Anil | C4: Shampoo | D4: FMCG | F4: 120 | G4: Mumbai | H4: Anil | I4: Shampoo | J4: 1 | K4: invalid | M4: =J4*K4 -> #VALUE!
A5: 45659 | B5: anil | C5: Shampoo | D5: fmcg | E5: 1 | F5: one twenty | G5: Mumbai | H5: Suresh | I5: Tooth Paste | J5: 3 | K5: 60 | M5: =J5*K5 -> 180
A6: 45660 | B6: Suresh | C6: Tooth paste | D6: fmcg | E6: 3 | F6: 60 | G6: Chennai | M6: =J6*K6 -> 0
A7: 45660 | B7: Suresh | C7: Tooth paste | D7: fmcg | E7: 3 | F7: 60 | G7: Chennai
A8: 45661 | B8: Mahesh | C8: Hair Oil | D8: FMCG | E8: 5 | F8: 90 | G8: bangalore

Sheet clean data
A1: clean_Order_Date | B1: clean_ Customer_Name | C1: clean_ Product | D1: clean_ Category | E1: clean_ Quantity | F1: clean_ Unit_Price | G1: clean_ City
A2: 45658 | B2: =PROPER(TRIM('raw data'!B2)) -> Rakesh | C2: =PROPER(TRIM('raw data'!C2)) -> Soap | D2: =PROPER(TRIM('raw data'!D2)) -> Fmcg | E2: =IF('raw data'!E2="",0,'raw data'!E2) -> 2 | F2: =IF(ISNUMBER('raw data'!F2),'raw data'!F2,"0") -> 30 | G2: =PROPER(TRIM('raw data'!G2)) -> Hyderabad
A3: 45658 | B3: =PROPER(TRIM('raw data'!B3)) -> Rakesh | C3: =PROPER(TRIM('raw data'!C3)) -> Soap | D3: =PROPER(TRIM('raw data'!D3)) -> Fmcg | E3: =IF('raw data'!E3="",0,'raw data'!E3) -> 2 | F3: =IF(ISNUMBER('raw data'!F3),'raw data'!F3,"0") -> 30 | G3: =PROPER(TRIM('raw data'!G3)) -> Hyderabad
A4: 45659 | B4: =PROPER(TRIM('raw data'!B4)) -> Anil | C4: =PROPER(TRIM('raw data'!C4)) -> Shampoo | D4: =PROPER(TRIM('raw data'!D4)) -> Fmcg | E4: =IF('raw data'!E4="",0,'raw data'!E4) -> 0 | F4: =IF(ISNUMBER('raw data'!F4),'raw data'!F4,"0") -> 120 | G4: =PROPER(TRIM('raw data'!G4)) -> Mumbai
A5: 45659 | B5: =PROPER(TRIM('raw data'!B5)) -> Anil | C5: =PROPER(TRIM('raw data'!C5)) -> Shampoo | D5: =PROPER(TRIM('raw data'!D5)) -> Fmcg | E5: =IF('raw data'!E5="",0,'raw data'!E5) -> 1 | F5: =IF(ISNUMBER('raw data'!F5),'raw data'!F5,"0") -> 0 | G5: =PROPER(TRIM('raw data'!G5)) -> Mumbai
A6: 45660 | B6: =PROPER(TRIM('raw data'!B6)) -> Suresh | C6: =PROPER(TRIM('raw data'!C6)) -> Tooth Paste | D6: =PROPER(TRIM('raw data'!D6)) -> Fmcg | E6: =IF('raw data'!E6="",0,'raw data'!E6) -> 3 | F6: =IF(ISNUMBER('raw data'!F6),'raw data'!F6,"0") -> 60 | G6: =PROPER(TRIM('raw data'!G6)) -> Chennai
A7: 45660 | B7: =PROPER(TRIM('raw data'!B7)) -> Suresh | C7: =PROPER(TRIM('raw data'!C7)) -> Tooth Paste | D7: =PROPER(TRIM('raw data'!D7)) -> Fmcg | E7: =IF('raw data'!E7="",0,'raw data'!E7) -> 3 | F7: =IF(ISNUMBER('raw data'!F7),'raw data'!F7,"0") -> 60 | G7: =PROPER(TRIM('raw data'!G7)) -> Chennai
A8: 45661 | B8: =PROPER(TRIM('raw data'!B8)) -> Mahesh | C8: =PROPER(TRIM('raw data'!C8)) -> Hair Oil | D8: =PROPER(TRIM('raw data'!D8)) -> Fmcg | E8: =IF('raw data'!E8="",0,'raw data'!E8) -> 5 | F8: =IF(ISNUMBER('raw data'!F8),'raw data'!F8,"0") -> 90 | G8: =PROPER(TRIM('raw data'!G8)) -> Bangalore

Sheet pivot
A1: clean_ Customer_Name | B1: (All)
A3: Row Labels | B3: Sum of clean_ Quantity | H3: Row Labels | I3: Sum of Total_amount
A4: Soap | B4: 4 | H4: Hair Oil | I4: 450
A5: Grand Total | B5: 4 | E5: Row Labels | F5: Sum of clean_ Quantity | H5: Tooth Paste | I5: 180
E6: Rakesh | F6: 4 | H6: Soap | I6: 60
E7: Grand Total | F7: 4 | H7: Shampoo | I7: 0
H8: Grand Total | I8: 690

Sheet final data
A1: clean_Order_Date | B1: clean_ Customer_Name | C1: clean_ Product | D1: clean_ Category | E1: clean_ Quantity | F1: clean_ Unit_Price | G1: clean_ City | H1: Total_amount
A2: 45658 | B2: Rakesh | C2: Soap | D2: Fmcg | E2: 2 | F2: 30 | G2: Hyderabad | H2: =E2*F2 -> 60
A3: 45659 | B3: Anil | C3: Shampoo | D3: Fmcg | E3: 0 | F3: 120 | G3: Mumbai | H3: =E3*F3 -> 0
A4: 45659 | B4: Anil | C4: Shampoo | D4: Fmcg | E4: 1 | F4: 0 | G4: Mumbai | H4: =E4*F4 -> 0
A5: 45660 | B5: Suresh | C5: Tooth Paste | D5: Fmcg | E5: 3 | F5: 60 | G5: Chennai | H5: =E5*F5 -> 180
A6: 45661 | B6: Mahesh | C6: Hair Oil | D6: Fmcg | E6: 5 | F6: 90 | G6: Bangalore | H6: =E6*F6 -> 450
